id,name,photo,candidate_list,group,constituency,govity,govity_percent,govity_total,govity_possible
psp:person:6491,Adam Vojtěch,https://www.psp.cz/eknih/cdrom/2025ps/eknih/2025ps/poslanci/i6491.jpg,ANO2011,ANO 2011,Jihočeský,1.0,100.0,367,367
psp:person:6997,Adriana Chochelová,https://www.psp.cz/eknih/cdrom/2025ps/eknih/2025ps/poslanci/i6997.jpg,Starostove a nezavisli,Starostové a nezávislí,Středočeský,0.647687,64.8,182,281
psp:person:6545,Alena Schillerová,https://www.psp.cz/eknih/cdrom/2025ps/eknih/2025ps/poslanci/i6545.jpg,ANO2011,ANO 2011,Jihomoravský,1.0,100.0,201,201
psp:person:6463,Aleš Juchelka,https://www.psp.cz/eknih/cdrom/2025ps/eknih/2025ps/poslanci/i6463.jpg,ANO2011,ANO 2011,Moravskoslezský,1.0,100.0,300,300
psp:person:6905,Andrea Hoffmannová,https://www.psp.cz/eknih/cdrom/2025ps/eknih/2025ps/poslanci/i6905.jpg,Česká pirátská strana,Piráti,Moravskoslezský,0.557143,55.7,156,280
psp:person:6150,Andrej Babiš,https://www.psp.cz/eknih/cdrom/2025ps/eknih/2025ps/poslanci/i6150.jpg,ANO2011,ANO 2011,Moravskoslezský,1.0,100.0,254,254
psp:person:7026,Anežka Nedomová,https://www.psp.cz/eknih/cdrom/2025ps/eknih/2025ps/poslanci/i7026.jpg,Starostove a nezavisli,Starostové a nezávislí,Pardubický,0.587413,58.7,168,286
psp:person:7035,Barbora Pipášová,https://www.psp.cz/eknih/cdrom/2025ps/eknih/2025ps/poslanci/i7035.jpg,Česká pirátská strana,Piráti,Vysočina,0.561039,56.1,216,385
psp:person:7038,Barbora Rázga,https://www.psp.cz/eknih/cdrom/2025ps/eknih/2025ps/poslanci/i7038.jpg,ANO2011,ANO 2011,Hlavní město Praha,1.0,100.0,376,376
psp:person:6788,Barbora Urbanová,https://www.psp.cz/eknih/cdrom/2025ps/eknih/2025ps/poslanci/i6788.jpg,Starostove a nezavisli,Starostové a nezávislí,Středočeský,0.624573,62.5,183,293
psp:person:6998,Benjamin Činčila,https://www.psp.cz/eknih/cdrom/2025ps/eknih/2025ps/poslanci/i6998.jpg,Spolu,KDU-ČSL,Vysočina,0.571006,57.1,193,338
psp:person:6780,Berenika Peštová,https://www.psp.cz/eknih/cdrom/2025ps/eknih/2025ps/poslanci/i6780.jpg,ANO2011,ANO 2011,Ústecký,0.996774,99.7,309,310
psp:person:7028,Bohuslav Niemiec,https://www.psp.cz/eknih/cdrom/2025ps/eknih/2025ps/poslanci/i7028.jpg,Spolu,KDU-ČSL,Moravskoslezský,0.610932,61.1,190,311
psp:person:5512,Boris Šťastný,https://www.psp.cz/eknih/cdrom/2025ps/eknih/2025ps/poslanci/i5512.jpg,Motoristé sobě,Motoristé sobě,Hlavní město Praha,1.0,100.0,348,348
psp:person:6209,David Kasal,https://www.psp.cz/eknih/cdrom/2025ps/eknih/2025ps/poslanci/i6209.jpg,ANO2011,ANO 2011,Pardubický,1.0,100.0,278,278
psp:person:6527,David Pražák,https://www.psp.cz/eknih/cdrom/2025ps/eknih/2025ps/poslanci/i6527.jpg,ANO2011,ANO 2011,Liberecký,1.0,100.0,311,311
psp:person:6484,David Štolpa,https://www.psp.cz/eknih/cdrom/2025ps/eknih/2025ps/poslanci/i6484.jpg,ANO2011,ANO 2011,Jihomoravský,0.997409,99.7,385,386
psp:person:7000,Denis Doksanský,https://www.psp.cz/eknih/cdrom/2025ps/eknih/2025ps/poslanci/i7000.jpg,ANO2011,ANO 2011,Královéhradecký,1.0,100.0,336,336
psp:person:6991,Drahomír Blažej,https://www.psp.cz/eknih/cdrom/2025ps/eknih/2025ps/poslanci/i6991.jpg,ANO2011,ANO 2011,Středočeský,0.994819,99.5,384,386
psp:person:6782,Drahoslav Ryba,https://www.psp.cz/eknih/cdrom/2025ps/eknih/2025ps/poslanci/i6782.jpg,ANO2011,ANO 2011,Vysočina,1.0,100.0,387,387
psp:person:6766,Eliška Olšáková,https://www.psp.cz/eknih/cdrom/2025ps/eknih/2025ps/poslanci/i6766.jpg,Starostove a nezavisli,Starostové a nezávislí,Zlínský,0.59375,59.4,190,320
psp:person:7061,Ester Weimerová,https://www.psp.cz/eknih/cdrom/2025ps/eknih/2025ps/poslanci/i7061.jpg,Starostove a nezavisli,Starostové a nezávislí,Moravskoslezský,0.583979,58.4,226,387
psp:person:6727,Eva Decroix,https://www.psp.cz/eknih/cdrom/2025ps/eknih/2025ps/poslanci/i6727.jpg,Spolu,ODS,Vysočina,0.73913,73.9,204,276
psp:person:6457,Eva Fialová,https://www.psp.cz/eknih/cdrom/2025ps/eknih/2025ps/poslanci/i6457.jpg,ANO2011,ANO 2011,Ústecký,1.0,100.0,364,364
psp:person:7046,Eva Šrámková,https://www.psp.cz/eknih/cdrom/2025ps/eknih/2025ps/poslanci/i7046.jpg,Česká pirátská strana,Piráti,Plzeňský,0.637725,63.8,213,334
psp:person:7059,Filip Turek,https://www.psp.cz/eknih/cdrom/2025ps/eknih/2025ps/poslanci/i7059.jpg,Motoristé sobě,Motoristé sobě,Středočeský,1.0,100.0,208,208
psp:person:6995,František Bureš,https://www.psp.cz/eknih/cdrom/2025ps/eknih/2025ps/poslanci/i6995.jpg,ANO2011,ANO 2011,Středočeský,1.0,100.0,385,385
psp:person:6409,František Petrtýl,https://www.psp.cz/eknih/cdrom/2025ps/eknih/2025ps/poslanci/i6409.jpg,ANO2011,ANO 2011,Středočeský,1.0,100.0,382,382
psp:person:7052,František Talíř,https://www.psp.cz/eknih/cdrom/2025ps/eknih/2025ps/poslanci/i7052.jpg,Spolu,KDU-ČSL,Jihočeský,0.582173,58.2,209,359
psp:person:7041,Gabriela Sedláčková,https://www.psp.cz/eknih/cdrom/2025ps/eknih/2025ps/poslanci/i7041.jpg,Motoristé sobě,Motoristé sobě,Olomoucký,0.99734,99.7,375,376
psp:person:7049,Gabriela Svárovská,https://www.psp.cz/eknih/cdrom/2025ps/eknih/2025ps/poslanci/i7049.jpg,Česká pirátská strana,Piráti,Hlavní město Praha,0.569921,57.0,216,379
psp:person:6986,Hana Ančincová,https://www.psp.cz/eknih/cdrom/2025ps/eknih/2025ps/poslanci/i6986.jpg,Česká pirátská strana,Piráti,Zlínský,0.575269,57.5,214,372
psp:person:6769,Hayato Okamura,https://www.psp.cz/eknih/cdrom/2025ps/eknih/2025ps/poslanci/i6769.jpg,Spolu,KDU-ČSL,Hlavní město Praha,0.649635,65.0,178,274
psp:person:5943,Helena Langšádlová,https://www.psp.cz/eknih/cdrom/2025ps/eknih/2025ps/poslanci/i5943.jpg,Spolu,TOP 09,Středočeský,0.625455,62.5,172,275
psp:person:6168,Helena Válková,https://www.psp.cz/eknih/cdrom/2025ps/eknih/2025ps/poslanci/i6168.jpg,ANO2011,ANO 2011,Středočeský,0.99654,99.7,288,289
psp:person:6738,Hubert Lang,https://www.psp.cz/eknih/cdrom/2025ps/eknih/2025ps/poslanci/i6738.jpg,ANO2011,ANO 2011,Plzeňský,1.0,100.0,290,290
psp:person:6758,Igor Hendrych,https://www.psp.cz/eknih/cdrom/2025ps/eknih/2025ps/poslanci/i6758.jpg,ANO2011,ANO 2011,Moravskoslezský,1.0,100.0,334,334
psp:person:6996,Igor Červený,https://www.psp.cz/eknih/cdrom/2025ps/eknih/2025ps/poslanci/i6996.jpg,Motoristé sobě,Motoristé sobě,Středočeský,0.994751,99.5,379,381
psp:person:7003,Irena Ferčíková Konečná,https://www.psp.cz/eknih/cdrom/2025ps/eknih/2025ps/poslanci/i7003.jpg,Česká pirátská strana,Piráti,Jihomoravský,0.566667,56.7,170,300
psp:person:7027,Irena Němcová,https://www.psp.cz/eknih/cdrom/2025ps/eknih/2025ps/poslanci/i7027.jpg,Svoboda a prima demokracie - Tomio Okamura,Svoboda a přímá demokracie,Královéhradecký,0.997389,99.7,382,383
psp:person:5700,Ivan Adamec,https://www.psp.cz/eknih/cdrom/2025ps/eknih/2025ps/poslanci/i5700.jpg,Spolu,ODS,Královéhradecký,0.703812,70.4,240,341
psp:person:6433,Ivan Bartoš,https://www.psp.cz/eknih/cdrom/2025ps/eknih/2025ps/poslanci/i6433.jpg,Česká pirátská strana,Piráti,Středočeský,0.551351,55.1,204,370
psp:person:6732,Ivana Mádlová,https://www.psp.cz/eknih/cdrom/2025ps/eknih/2025ps/poslanci/i6732.jpg,ANO2011,ANO 2011,Plzeňský,1.0,100.0,385,385
psp:person:6459,Jakub Janda,https://www.psp.cz/eknih/cdrom/2025ps/eknih/2025ps/poslanci/i6459.jpg,Spolu,ODS,Moravskoslezský,0.686327,68.6,256,373
psp:person:7015,Jakub Krainer,https://www.psp.cz/eknih/cdrom/2025ps/eknih/2025ps/poslanci/i7015.jpg,Starostove a nezavisli,Starostové a nezávislí,Jihomoravský,0.581769,58.2,217,373
psp:person:6178,Jan Bartošek,https://www.psp.cz/eknih/cdrom/2025ps/eknih/2025ps/poslanci/i6178.jpg,Spolu,KDU-ČSL,Jihočeský,0.831169,83.1,128,154
psp:person:5379,Jan Bauer,https://www.psp.cz/eknih/cdrom/2025ps/eknih/2025ps/poslanci/i5379.jpg,Spolu,ODS,Jihočeský,0.736842,73.7,168,228
psp:person:6722,Jan Berki,https://www.psp.cz/eknih/cdrom/2025ps/eknih/2025ps/poslanci/i6722.jpg,Starostove a nezavisli,Starostové a nezávislí,Liberecký,0.64723,64.7,222,343
psp:person:5899,Jan Bureš,https://www.psp.cz/eknih/cdrom/2025ps/eknih/2025ps/poslanci/i5899.jpg,Spolu,ODS,Karlovarský,0.651026,65.1,222,341
psp:person:6455,Jan Hrnčíř,https://www.psp.cz/eknih/cdrom/2025ps/eknih/2025ps/poslanci/i6455.jpg,Svoboda a prima demokracie - Tomio Okamura,Svoboda a přímá demokracie,Pardubický,0.997093,99.7,343,344
psp:person:6687,Jan Jakob,https://www.psp.cz/eknih/cdrom/2025ps/eknih/2025ps/poslanci/i6687.jpg,Spolu,TOP 09,Středočeský,0.647215,64.7,244,377
psp:person:6537,Jan Lipavský,https://www.psp.cz/eknih/cdrom/2025ps/eknih/2025ps/poslanci/i6537.jpg,Spolu,ODS,Hlavní město Praha,0.647368,64.7,123,190
psp:person:7030,Jan Papajanovský,https://www.psp.cz/eknih/cdrom/2025ps/eknih/2025ps/poslanci/i7030.jpg,Starostove a nezavisli,Starostové a nezávislí,Ústecký,0.597633,59.8,202,338
psp:person:6500,Jan Richter,https://www.psp.cz/eknih/cdrom/2025ps/eknih/2025ps/poslanci/i6500.jpg,ANO2011,ANO 2011,Ústecký,0.994805,99.5,383,385
psp:person:6418,Jan Skopeček,https://www.psp.cz/eknih/cdrom/2025ps/eknih/2025ps/poslanci/i6418.jpg,Spolu,ODS,Středočeský,0.683908,68.4,238,348
psp:person:7050,Jan Sviták,https://www.psp.cz/eknih/cdrom/2025ps/eknih/2025ps/poslanci/i7050.jpg,Starostove a nezavisli,Starostové a nezávislí,Liberecký,0.592068,59.2,209,353
psp:person:6783,Jan Síla,https://www.psp.cz/eknih/cdrom/2025ps/eknih/2025ps/poslanci/i6783.jpg,Svoboda a prima demokracie - Tomio Okamura,Svoboda a přímá demokracie,Moravskoslezský,0.994565,99.5,366,368
psp:person:6719,Jana Bačíková,https://www.psp.cz/eknih/cdrom/2025ps/eknih/2025ps/poslanci/i6719.jpg,Spolu,ODS,Jihomoravský,0.708333,70.8,255,360
psp:person:6723,Jana Berkovcová,https://www.psp.cz/eknih/cdrom/2025ps/eknih/2025ps/poslanci/i6723.jpg,ANO2011,ANO 2011,Královéhradecký,1.0,100.0,276,276
psp:person:7068,Jana Demjanová,https://www.psp.cz/eknih/cdrom/2025ps/eknih/2025ps/poslanci/i7068.jpg,ANO2011,ANO 2011,Ústecký,0.997382,99.7,381,382
psp:person:7004,Jana Filipovičová,https://www.psp.cz/eknih/cdrom/2025ps/eknih/2025ps/poslanci/i7004.jpg,Spolu,KDU-ČSL,Jihomoravský,0.613333,61.3,230,375
psp:person:6753,Jana Hanzlíková,https://www.psp.cz/eknih/cdrom/2025ps/eknih/2025ps/poslanci/i6753.jpg,ANO2011,ANO 2011,Pardubický,0.994764,99.5,380,382
psp:person:6466,Jana Krutáková,https://www.psp.cz/eknih/cdrom/2025ps/eknih/2025ps/poslanci/i6466.jpg,Starostove a nezavisli,Starostové a nezávislí,Jihomoravský,0.585616,58.6,171,292
psp:person:7025,Jana Murová,https://www.psp.cz/eknih/cdrom/2025ps/eknih/2025ps/poslanci/i7025.jpg,ANO2011,ANO 2011,Moravskoslezský,0.997214,99.7,358,359
psp:person:6225,Jana Pastuchová,https://www.psp.cz/eknih/cdrom/2025ps/eknih/2025ps/poslanci/i6225.jpg,ANO2011,ANO 2011,Liberecký,1.0,100.0,360,360
psp:person:7032,Jana Patková,https://www.psp.cz/eknih/cdrom/2025ps/eknih/2025ps/poslanci/i7032.jpg,Česká pirátská strana,Piráti,Královéhradecký,0.55643,55.6,212,381
psp:person:5903,Jana Černochová,https://www.psp.cz/eknih/cdrom/2025ps/eknih/2025ps/poslanci/i5903.jpg,Spolu,ODS,Hlavní město Praha,0.756,75.6,189,250
psp:person:6190,Jaroslav Faltýnek,https://www.psp.cz/eknih/cdrom/2025ps/eknih/2025ps/poslanci/i6190.jpg,ANO2011,ANO 2011,Olomoucký,1.0,100.0,366,366
psp:person:5911,Jaroslav Foldyna,https://www.psp.cz/eknih/cdrom/2025ps/eknih/2025ps/poslanci/i5911.jpg,Svoboda a prima demokracie - Tomio Okamura,Svoboda a přímá demokracie,Ústecký,0.976608,97.7,334,342
psp:person:7037,Jindřich Rajchl,https://www.psp.cz/eknih/cdrom/2025ps/eknih/2025ps/poslanci/i7037.jpg,Svoboda a prima demokracie - Tomio Okamura,Svoboda a přímá demokracie,Moravskoslezský,0.987097,98.7,306,310
psp:person:7056,Jitka Volfová,https://www.psp.cz/eknih/cdrom/2025ps/eknih/2025ps/poslanci/i7056.jpg,ANO2011,ANO 2011,Liberecký,1.0,100.0,362,362
psp:person:7009,Jiřina Klčová,https://www.psp.cz/eknih/cdrom/2025ps/eknih/2025ps/poslanci/i7009.jpg,ANO2011,ANO 2011,Pardubický,1.0,100.0,385,385
psp:person:6987,Jiří Barták,https://www.psp.cz/eknih/cdrom/2025ps/eknih/2025ps/poslanci/i6987.jpg,Motoristé sobě,Motoristé sobě,Zlínský,1.0,100.0,376,376
psp:person:6993,Jiří Bouška,https://www.psp.cz/eknih/cdrom/2025ps/eknih/2025ps/poslanci/i6993.jpg,ANO2011,ANO 2011,Středočeský,1.0,100.0,325,325
psp:person:6755,Jiří Havránek,https://www.psp.cz/eknih/cdrom/2025ps/eknih/2025ps/poslanci/i6755.jpg,Spolu,ODS,Středočeský,0.713781,71.4,202,283
psp:person:6803,Jiří Horák,https://www.psp.cz/eknih/cdrom/2025ps/eknih/2025ps/poslanci/i6803.jpg,Spolu,KDU-ČSL,Jihomoravský,0.600592,60.1,203,338
psp:person:6534,Jiří Mašek,https://www.psp.cz/eknih/cdrom/2025ps/eknih/2025ps/poslanci/i6534.jpg,ANO2011,ANO 2011,Královéhradecký,0.994382,99.4,354,356
psp:person:7067,Jiří Penc,https://www.psp.cz/eknih/cdrom/2025ps/eknih/2025ps/poslanci/i7067.jpg,ANO2011,ANO 2011,Karlovarský,1.0,100.0,380,380
psp:person:5273,Jiří Pospíšil,https://www.psp.cz/eknih/cdrom/2025ps/eknih/2025ps/poslanci/i5273.jpg,Spolu,TOP 09,Hlavní město Praha,0.648855,64.9,170,262
psp:person:6515,Jiří Strýček,https://www.psp.cz/eknih/cdrom/2025ps/eknih/2025ps/poslanci/i6515.jpg,ANO2011,ANO 2011,Moravskoslezský,1.0,100.0,288,288
psp:person:7033,Jiří Svoboda,https://www.psp.cz/eknih/cdrom/2025ps/eknih/2025ps/poslanci/i7033.jpg,ANO2011,ANO 2011,Moravskoslezský,0.997416,99.7,386,387
psp:person:7055,Jiří Vojáček,https://www.psp.cz/eknih/cdrom/2025ps/eknih/2025ps/poslanci/i7055.jpg,Spolu,KDU-ČSL,Královéhradecký,0.660377,66.0,175,265
psp:person:6750,Josef Flek,https://www.psp.cz/eknih/cdrom/2025ps/eknih/2025ps/poslanci/i6750.jpg,Starostove a nezavisli,Starostové a nezávislí,Jihomoravský,0.672932,67.3,179,266
psp:person:6246,Josef Kott,https://www.psp.cz/eknih/cdrom/2025ps/eknih/2025ps/poslanci/i6246.jpg,ANO2011,ANO 2011,Vysočina,1.0,100.0,387,387
psp:person:6946,Josef Váňa,https://www.psp.cz/eknih/cdrom/2025ps/eknih/2025ps/poslanci/i6946.jpg,ANO2011,ANO 2011,Karlovarský,1.0,100.0,285,285
psp:person:7044,Julie Smejkalová,https://www.psp.cz/eknih/cdrom/2025ps/eknih/2025ps/poslanci/i7044.jpg,Starostove a nezavisli,Starostové a nezávislí,Hlavní město Praha,0.561194,56.1,188,335
psp:person:6447,Kamal Farhan,https://www.psp.cz/eknih/cdrom/2025ps/eknih/2025ps/poslanci/i6447.jpg,ANO2011,ANO 2011,Plzeňský,1.0,100.0,387,387
psp:person:6990,Karel Beran,https://www.psp.cz/eknih/cdrom/2025ps/eknih/2025ps/poslanci/i6990.jpg,Motoristé sobě,Motoristé sobě,Vysočina,1.0,100.0,327,327
psp:person:7002,Karel Dvořák,https://www.psp.cz/eknih/cdrom/2025ps/eknih/2025ps/poslanci/i7002.jpg,Starostove a nezavisli,Starostové a nezávislí,Hlavní město Praha,0.562738,56.3,148,263
psp:person:6751,Karel Haas,https://www.psp.cz/eknih/cdrom/2025ps/eknih/2025ps/poslanci/i6751.jpg,Spolu,ODS,Pardubický,0.702073,70.2,271,386
psp:person:6621,Karel Havlíček,https://www.psp.cz/eknih/cdrom/2025ps/eknih/2025ps/poslanci/i6621.jpg,ANO2011,ANO 2011,Hlavní město Praha,1.0,100.0,266,266
psp:person:6240,Karel Tureček,https://www.psp.cz/eknih/cdrom/2025ps/eknih/2025ps/poslanci/i6240.jpg,ANO2011,ANO 2011,Jihočeský,1.0,100.0,344,344
psp:person:7005,Karin Gajdová,https://www.psp.cz/eknih/cdrom/2025ps/eknih/2025ps/poslanci/i7005.jpg,ANO2011,ANO 2011,Moravskoslezský,1.0,100.0,380,380
psp:person:6999,Katerina Demetrashvili,https://www.psp.cz/eknih/cdrom/2025ps/eknih/2025ps/poslanci/i6999.jpg,Česká pirátská strana,Piráti,Hlavní město Praha,0.522989,52.3,182,348
psp:person:7048,Kateřina Stojanová,https://www.psp.cz/eknih/cdrom/2025ps/eknih/2025ps/poslanci/i7048.jpg,Česká pirátská strana,Piráti,Ústecký,0.601093,60.1,220,366
psp:person:6172,Ladislav Okleštěk,https://www.psp.cz/eknih/cdrom/2025ps/eknih/2025ps/poslanci/i6172.jpg,ANO2011,ANO 2011,Olomoucký,1.0,100.0,328,328
psp:person:6431,Lenka Dražilová,https://www.psp.cz/eknih/cdrom/2025ps/eknih/2025ps/poslanci/i6431.jpg,ANO2011,ANO 2011,Jihomoravský,1.0,100.0,386,386
psp:person:7023,Lenka Martínková Španihelová,https://www.psp.cz/eknih/cdrom/2025ps/eknih/2025ps/poslanci/i7023.jpg,Česká pirátská strana,Piráti,Pardubický,0.608696,60.9,168,276
psp:person:6693,Libor Hoppe,https://www.psp.cz/eknih/cdrom/2025ps/eknih/2025ps/poslanci/i6693.jpg,Spolu,ODS,Jihomoravský,0.801688,80.2,190,237
psp:person:6787,Libor Turek,https://www.psp.cz/eknih/cdrom/2025ps/eknih/2025ps/poslanci/i6787.jpg,Spolu,ODS,Ústecký,0.679348,67.9,250,368
psp:person:7058,Libor Vondráček,https://www.psp.cz/eknih/cdrom/2025ps/eknih/2025ps/poslanci/i7058.jpg,Svoboda a prima demokracie - Tomio Okamura,Svoboda a přímá demokracie,Jihočeský,0.997275,99.7,366,367
psp:person:6544,Lubomír Metnar,https://www.psp.cz/eknih/cdrom/2025ps/eknih/2025ps/poslanci/i6544.jpg,ANO2011,ANO 2011,Olomoucký,1.0,100.0,340,340
psp:person:6730,Lubomír Wenzl,https://www.psp.cz/eknih/cdrom/2025ps/eknih/2025ps/poslanci/i6730.jpg,ANO2011,ANO 2011,Jihomoravský,1.0,100.0,387,387
psp:person:6989,Lucie Bartošová,https://www.psp.cz/eknih/cdrom/2025ps/eknih/2025ps/poslanci/i6989.jpg,Spolu,ODS,Liberecký,0.706231,70.6,238,337
psp:person:7042,Lucie Sedmihradská,https://www.psp.cz/eknih/cdrom/2025ps/eknih/2025ps/poslanci/i7042.jpg,Starostove a nezavisli,Starostové a nezávislí,Hlavní město Praha,0.541076,54.1,191,353
psp:person:6479,Lucie Šafránková,https://www.psp.cz/eknih/cdrom/2025ps/eknih/2025ps/poslanci/i6479.jpg,Svoboda a prima demokracie - Tomio Okamura,Svoboda a přímá demokracie,Jihomoravský,1.0,100.0,384,384
psp:person:6789,Lukáš Vlček,https://www.psp.cz/eknih/cdrom/2025ps/eknih/2025ps/poslanci/i6789.jpg,Starostove a nezavisli,Starostové a nezávislí,Vysočina,0.583815,58.4,202,346
psp:person:4,Marek Benda,https://www.psp.cz/eknih/cdrom/2025ps/eknih/2025ps/poslanci/i4.jpg,Spolu,ODS,Hlavní město Praha,0.738182,73.8,203,275
psp:person:6533,Marek Novák,https://www.psp.cz/eknih/cdrom/2025ps/eknih/2025ps/poslanci/i6533.jpg,ANO2011,ANO 2011,Zlínský,0.997409,99.7,385,386
psp:person:6513,Marek Výborný,https://www.psp.cz/eknih/cdrom/2025ps/eknih/2025ps/poslanci/i6513.jpg,Spolu,KDU-ČSL,Pardubický,0.682927,68.3,168,246
psp:person:6154,Marek Ženíšek,https://www.psp.cz/eknih/cdrom/2025ps/eknih/2025ps/poslanci/i6154.jpg,Spolu,TOP 09,Plzeňský,0.609665,61.0,164,269
psp:person:6205,Marian Jurečka,https://www.psp.cz/eknih/cdrom/2025ps/eknih/2025ps/poslanci/i6205.jpg,Spolu,KDU-ČSL,Olomoucký,0.473896,47.4,118,249
psp:person:7018,Marie Kršková,https://www.psp.cz/eknih/cdrom/2025ps/eknih/2025ps/poslanci/i7018.jpg,Spolu,KDU-ČSL,Pardubický,0.650327,65.0,199,306
psp:person:6745,Marie Pošarová,https://www.psp.cz/eknih/cdrom/2025ps/eknih/2025ps/poslanci/i6745.jpg,Svoboda a prima demokracie - Tomio Okamura,Svoboda a přímá demokracie,Plzeňský,0.996942,99.7,326,327
psp:person:7047,Markéta Šichtařová,https://www.psp.cz/eknih/cdrom/2025ps/eknih/2025ps/poslanci/i7047.jpg,Svoboda a prima demokracie - Tomio Okamura,Svoboda a přímá demokracie,Hlavní město Praha,0.978495,97.8,273,279
psp:person:6435,Martin Baxa,https://www.psp.cz/eknih/cdrom/2025ps/eknih/2025ps/poslanci/i6435.jpg,Spolu,ODS,Plzeňský,0.696104,69.6,268,385
psp:person:6211,Martin Kolovratník,https://www.psp.cz/eknih/cdrom/2025ps/eknih/2025ps/poslanci/i6211.jpg,ANO2011,ANO 2011,Pardubický,1.0,100.0,263,263
psp:person:7021,Martin Kupec,https://www.psp.cz/eknih/cdrom/2025ps/eknih/2025ps/poslanci/i7021.jpg,ANO2011,ANO 2011,Jihočeský,1.0,100.0,363,363
psp:person:6538,Martin Kupka,https://www.psp.cz/eknih/cdrom/2025ps/eknih/2025ps/poslanci/i6538.jpg,Spolu,ODS,Středočeský,0.669291,66.9,170,254
psp:person:7062,Martin Záhoř,https://www.psp.cz/eknih/cdrom/2025ps/eknih/2025ps/poslanci/i7062.jpg,ANO2011,ANO 2011,Plzeňský,0.997416,99.7,386,387
psp:person:7065,Martin Šmída,https://www.psp.cz/eknih/cdrom/2025ps/eknih/2025ps/poslanci/i7065.jpg,Česká pirátská strana,Piráti,Olomoucký,0.564417,56.4,184,326
psp:person:7006,Matěj Gregor,https://www.psp.cz/eknih/cdrom/2025ps/eknih/2025ps/poslanci/i7006.jpg,Motoristé sobě,Motoristé sobě,Moravskoslezský,0.990196,99.0,303,306
psp:person:7011,Matěj Hlavatý,https://www.psp.cz/eknih/cdrom/2025ps/eknih/2025ps/poslanci/i7011.jpg,Starostove a nezavisli,Starostové a nezávislí,Královéhradecký,0.56168,56.2,214,381
psp:person:6754,Matěj Ondřej Havel,https://www.psp.cz/eknih/cdrom/2025ps/eknih/2025ps/poslanci/i6754.jpg,Spolu,TOP 09,Královéhradecký,0.762821,76.3,238,312
psp:person:7024,Michaela Moricová,https://www.psp.cz/eknih/cdrom/2025ps/eknih/2025ps/poslanci/i7024.jpg,Česká pirátská strana,Piráti,Moravskoslezský,0.592287,59.2,215,363
psp:person:6767,Michaela Opltová,https://www.psp.cz/eknih/cdrom/2025ps/eknih/2025ps/poslanci/i6767.jpg,Starostove a nezavisli,Starostové a nezávislí,Plzeňský,0.694444,69.4,125,180
psp:person:6763,Michaela Šebelová,https://www.psp.cz/eknih/cdrom/2025ps/eknih/2025ps/poslanci/i6763.jpg,Starostove a nezavisli,Starostové a nezávislí,Moravskoslezský,0.577586,57.8,201,348
psp:person:6216,Michal Kučera,https://www.psp.cz/eknih/cdrom/2025ps/eknih/2025ps/poslanci/i6216.jpg,Spolu,TOP 09,Ústecký,0.742857,74.3,156,210
psp:person:6523,Michal Ratiborský,https://www.psp.cz/eknih/cdrom/2025ps/eknih/2025ps/poslanci/i6523.jpg,ANO2011,ANO 2011,Moravskoslezský,0.997396,99.7,383,384
psp:person:6796,Michal Zuna,https://www.psp.cz/eknih/cdrom/2025ps/eknih/2025ps/poslanci/i6796.jpg,Spolu,TOP 09,Hlavní město Praha,0.621253,62.1,228,367
psp:person:6185,Milan Brázdil,https://www.psp.cz/eknih/cdrom/2025ps/eknih/2025ps/poslanci/i6185.jpg,ANO2011,ANO 2011,Olomoucký,1.0,100.0,387,387
psp:person:6201,Miloslav Janulík,https://www.psp.cz/eknih/cdrom/2025ps/eknih/2025ps/poslanci/i6201.jpg,ANO2011,ANO 2011,Jihomoravský,1.0,100.0,387,387
psp:person:7016,Miroslav Krejčí,https://www.psp.cz/eknih/cdrom/2025ps/eknih/2025ps/poslanci/i7016.jpg,Motoristé sobě,Motoristé sobě,Jihočeský,1.0,100.0,379,379
psp:person:6688,Miroslav Samaš,https://www.psp.cz/eknih/cdrom/2025ps/eknih/2025ps/poslanci/i6688.jpg,ANO2011,ANO 2011,Středočeský,1.0,100.0,387,387
psp:person:6064,Miroslav Ševčík,https://www.psp.cz/eknih/cdrom/2025ps/eknih/2025ps/poslanci/i6064.jpg,Svoboda a prima demokracie - Tomio Okamura,Svoboda a přímá demokracie,Jihomoravský,0.994083,99.4,336,338
psp:person:7064,Miroslav Žbánek,https://www.psp.cz/eknih/cdrom/2025ps/eknih/2025ps/poslanci/i7064.jpg,ANO2011,ANO 2011,Olomoucký,1.0,100.0,324,324
psp:person:6994,Monika Brzesková,https://www.psp.cz/eknih/cdrom/2025ps/eknih/2025ps/poslanci/i6994.jpg,Spolu,KDU-ČSL,Moravskoslezský,0.652568,65.3,216,331
psp:person:7007,Monika Hubíková,https://www.psp.cz/eknih/cdrom/2025ps/eknih/2025ps/poslanci/i7007.jpg,ANO2011,ANO 2011,Zlínský,1.0,100.0,386,386
psp:person:6475,Monika Oborná,https://www.psp.cz/eknih/cdrom/2025ps/eknih/2025ps/poslanci/i6475.jpg,ANO2011,ANO 2011,Vysočina,1.0,100.0,362,362
psp:person:6473,Olga Richterová,https://www.psp.cz/eknih/cdrom/2025ps/eknih/2025ps/poslanci/i6473.jpg,Česká pirátská strana,Piráti,Hlavní město Praha,0.582418,58.2,212,364
psp:person:6623,Ondřej Babka,https://www.psp.cz/eknih/cdrom/2025ps/eknih/2025ps/poslanci/i6623.jpg,ANO2011,ANO 2011,Jihočeský,0.994819,99.5,384,386
psp:person:7010,Oto Klempíř,https://www.psp.cz/eknih/cdrom/2025ps/eknih/2025ps/poslanci/i7010.jpg,Motoristé sobě,Motoristé sobě,Plzeňský,1.0,100.0,248,248
psp:person:7060,Otto Vopěnka,https://www.psp.cz/eknih/cdrom/2025ps/eknih/2025ps/poslanci/i7060.jpg,ANO2011,ANO 2011,Vysočina,1.0,100.0,375,375
psp:person:6487,Patrik Nacher,https://www.psp.cz/eknih/cdrom/2025ps/eknih/2025ps/poslanci/i6487.jpg,ANO2011,ANO 2011,Hlavní město Praha,0.994723,99.5,377,379
psp:person:7031,Patrik Pařil,https://www.psp.cz/eknih/cdrom/2025ps/eknih/2025ps/poslanci/i7031.jpg,ANO2011,ANO 2011,Jihomoravský,0.997305,99.7,370,371
psp:person:6988,Pavel Bartoň,https://www.psp.cz/eknih/cdrom/2025ps/eknih/2025ps/poslanci/i6988.jpg,ANO2011,ANO 2011,Zlínský,0.997416,99.7,386,387
psp:person:6603,Pavel Karpíšek,https://www.psp.cz/eknih/cdrom/2025ps/eknih/2025ps/poslanci/i6603.jpg,Spolu,ODS,Plzeňský,0.803738,80.4,172,214
psp:person:7029,Pavel Outrata,https://www.psp.cz/eknih/cdrom/2025ps/eknih/2025ps/poslanci/i7029.jpg,ANO2011,ANO 2011,Jihomoravský,1.0,100.0,386,386
psp:person:6520,Pavel Růžička,https://www.psp.cz/eknih/cdrom/2025ps/eknih/2025ps/poslanci/i6520.jpg,ANO2011,ANO 2011,Ústecký,1.0,100.0,387,387
psp:person:5226,Pavel Žáček,https://www.psp.cz/eknih/cdrom/2025ps/eknih/2025ps/poslanci/i5226.jpg,Spolu,ODS,Hlavní město Praha,0.742765,74.3,231,311
psp:person:6762,Pavla Pivoňka Vaňková,https://www.psp.cz/eknih/cdrom/2025ps/eknih/2025ps/poslanci/i6762.jpg,Starostove a nezavisli,Starostové a nezávislí,Jihočeský,0.656904,65.7,157,239
psp:person:346,Petr Bendl,https://www.psp.cz/eknih/cdrom/2025ps/eknih/2025ps/poslanci/i346.jpg,Spolu,ODS,Středočeský,0.722581,72.3,224,310
psp:person:6074,Petr Fiala,https://www.psp.cz/eknih/cdrom/2025ps/eknih/2025ps/poslanci/i6074.jpg,Spolu,ODS,Jihomoravský,0.752137,75.2,176,234
psp:person:6881,Petr Hladík,https://www.psp.cz/eknih/cdrom/2025ps/eknih/2025ps/poslanci/i6881.jpg,Spolu,KDU-ČSL,Jihomoravský,0.589577,59.0,181,307
psp:person:7014,Petr Kowanda,https://www.psp.cz/eknih/cdrom/2025ps/eknih/2025ps/poslanci/i7014.jpg,ANO2011,ANO 2011,Středočeský,0.997416,99.7,386,387
psp:person:7019,Petr Kubis,https://www.psp.cz/eknih/cdrom/2025ps/eknih/2025ps/poslanci/i7019.jpg,ANO2011,ANO 2011,Karlovarský,,,0,0
psp:person:7022,Petr Macinka,https://www.psp.cz/eknih/cdrom/2025ps/eknih/2025ps/poslanci/i7022.jpg,Motoristé sobě,Motoristé sobě,Jihomoravský,1.0,100.0,246,246
psp:person:6518,Petr Sadovský,https://www.psp.cz/eknih/cdrom/2025ps/eknih/2025ps/poslanci/i6518.jpg,ANO2011,ANO 2011,Královéhradecký,0.997214,99.7,358,359
psp:person:7045,Petr Sokol,https://www.psp.cz/eknih/cdrom/2025ps/eknih/2025ps/poslanci/i7045.jpg,Spolu,ODS,Olomoucký,0.7603,76.0,203,267
psp:person:6490,Petr Vrána,https://www.psp.cz/eknih/cdrom/2025ps/eknih/2025ps/poslanci/i6490.jpg,ANO2011,ANO 2011,Olomoucký,1.0,100.0,387,387
psp:person:6508,Radek Koten,https://www.psp.cz/eknih/cdrom/2025ps/eknih/2025ps/poslanci/i6508.jpg,Svoboda a prima demokracie - Tomio Okamura,Svoboda a přímá demokracie,Vysočina,0.997305,99.7,370,371
psp:person:6165,Radek Vondráček,https://www.psp.cz/eknih/cdrom/2025ps/eknih/2025ps/poslanci/i6165.jpg,ANO2011,ANO 2011,Zlínský,0.994595,99.5,368,370
psp:person:5459,Radim Fiala,https://www.psp.cz/eknih/cdrom/2025ps/eknih/2025ps/poslanci/i5459.jpg,Svoboda a prima demokracie - Tomio Okamura,Svoboda a přímá demokracie,Olomoucký,1.0,100.0,357,357
psp:person:6770,Renata Oulehlová,https://www.psp.cz/eknih/cdrom/2025ps/eknih/2025ps/poslanci/i6770.jpg,ANO2011,ANO 2011,Karlovarský,0.99734,99.7,375,376
psp:person:7054,Renata Vesecká,https://www.psp.cz/eknih/cdrom/2025ps/eknih/2025ps/poslanci/i7054.jpg,Motoristé sobě,Motoristé sobě,Královéhradecký,0.99711,99.7,345,346
psp:person:6793,Renáta Zajíčková,https://www.psp.cz/eknih/cdrom/2025ps/eknih/2025ps/poslanci/i6793.jpg,Spolu,ODS,Hlavní město Praha,0.680473,68.0,230,338
psp:person:6184,Richard Brabec,https://www.psp.cz/eknih/cdrom/2025ps/eknih/2025ps/poslanci/i6184.jpg,ANO2011,ANO 2011,Ústecký,,,0,0
psp:person:6509,Robert Králíček,https://www.psp.cz/eknih/cdrom/2025ps/eknih/2025ps/poslanci/i6509.jpg,ANO2011,ANO 2011,Hlavní město Praha,0.994269,99.4,347,349
psp:person:6549,Robert Plaga,https://www.psp.cz/eknih/cdrom/2025ps/eknih/2025ps/poslanci/i6549.jpg,ANO2011,ANO 2011,Středočeský,1.0,100.0,165,165
psp:person:6743,Robert Stržínek,https://www.psp.cz/eknih/cdrom/2025ps/eknih/2025ps/poslanci/i6743.jpg,ANO2011,ANO 2011,Zlínský,1.0,100.0,386,386
psp:person:6215,Roman Kubíček,https://www.psp.cz/eknih/cdrom/2025ps/eknih/2025ps/poslanci/i6215.jpg,ANO2011,ANO 2011,Jihočeský,0.994805,99.5,383,385
psp:person:7063,Roman Zarzycký,https://www.psp.cz/eknih/cdrom/2025ps/eknih/2025ps/poslanci/i7063.jpg,ANO2011,ANO 2011,Plzeňský,,,0,0
psp:person:6786,Róbert Teleky,https://www.psp.cz/eknih/cdrom/2025ps/eknih/2025ps/poslanci/i6786.jpg,Spolu,KDU-ČSL,Zlínský,0.625,62.5,230,368
psp:person:7057,Samuel Volpe,https://www.psp.cz/eknih/cdrom/2025ps/eknih/2025ps/poslanci/i7057.jpg,Česká pirátská strana,Piráti,Středočeský,0.574176,57.4,209,364
psp:person:6451,Stanislav Fridrich,https://www.psp.cz/eknih/cdrom/2025ps/eknih/2025ps/poslanci/i6451.jpg,ANO2011,ANO 2011,Moravskoslezský,1.0,100.0,267,267
psp:person:6468,Taťána Malá,https://www.psp.cz/eknih/cdrom/2025ps/eknih/2025ps/poslanci/i6468.jpg,ANO2011,ANO 2011,Jihomoravský,1.0,100.0,378,378
psp:person:6555,Tom Philipp,https://www.psp.cz/eknih/cdrom/2025ps/eknih/2025ps/poslanci/i6555.jpg,Spolu,KDU-ČSL,Hlavní město Praha,0.619565,62.0,228,368
psp:person:6105,Tomio Okamura,https://www.psp.cz/eknih/cdrom/2025ps/eknih/2025ps/poslanci/i6105.jpg,Svoboda a prima demokracie - Tomio Okamura,Svoboda a přímá demokracie,Středočeský,0.997382,99.7,381,382
psp:person:7001,Tomáš Doležal,https://www.psp.cz/eknih/cdrom/2025ps/eknih/2025ps/poslanci/i7001.jpg,Svoboda a prima demokracie - Tomio Okamura,Svoboda a přímá demokracie,Středočeský,0.992248,99.2,384,387
psp:person:6756,Tomáš Helebrant,https://www.psp.cz/eknih/cdrom/2025ps/eknih/2025ps/poslanci/i6756.jpg,ANO2011,ANO 2011,Středočeský,0.994805,99.5,383,385
psp:person:6506,Tomáš Kohoutek,https://www.psp.cz/eknih/cdrom/2025ps/eknih/2025ps/poslanci/i6506.jpg,ANO2011,ANO 2011,Ústecký,1.0,100.0,383,383
psp:person:7051,Vendula Svobodová,https://www.psp.cz/eknih/cdrom/2025ps/eknih/2025ps/poslanci/i7051.jpg,Česká pirátská strana,Piráti,Jihomoravský,0.608563,60.9,199,327
psp:person:7013,Veronika Kovářová,https://www.psp.cz/eknih/cdrom/2025ps/eknih/2025ps/poslanci/i7013.jpg,Česká pirátská strana,Piráti,Jihočeský,0.560127,56.0,177,316
psp:person:7012,Vladimír Kolek,https://www.psp.cz/eknih/cdrom/2025ps/eknih/2025ps/poslanci/i7012.jpg,ANO2011,ANO 2011,Moravskoslezský,1.0,100.0,384,384
psp:person:7034,Vladimír Pikora,https://www.psp.cz/eknih/cdrom/2025ps/eknih/2025ps/poslanci/i7034.jpg,Motoristé sobě,Motoristé sobě,Ústecký,1.0,100.0,337,337
psp:person:7066,Vlastimil Hebr,https://www.psp.cz/eknih/cdrom/2025ps/eknih/2025ps/poslanci/i7066.jpg,ANO2011,ANO 2011,Plzeňský,1.0,100.0,381,381
psp:person:6482,Vlastimil Válek,https://www.psp.cz/eknih/cdrom/2025ps/eknih/2025ps/poslanci/i6482.jpg,Spolu,TOP 09,Jihomoravský,0.647059,64.7,198,306
psp:person:7017,Vojtěch Krňanský,https://www.psp.cz/eknih/cdrom/2025ps/eknih/2025ps/poslanci/i7017.jpg,Motoristé sobě,Motoristé sobě,Pardubický,1.0,100.0,327,327
psp:person:6486,Vojtěch Munzar,https://www.psp.cz/eknih/cdrom/2025ps/eknih/2025ps/poslanci/i6486.jpg,Spolu,ODS,Středočeský,0.725309,72.5,235,324
psp:person:7036,Václav Pláteník,https://www.psp.cz/eknih/cdrom/2025ps/eknih/2025ps/poslanci/i7036.jpg,Spolu,KDU-ČSL,Zlínský,0.61828,61.8,230,372
psp:person:7053,Václav Trojan,https://www.psp.cz/eknih/cdrom/2025ps/eknih/2025ps/poslanci/i7053.jpg,ANO2011,ANO 2011,Jihomoravský,1.0,100.0,385,385
psp:person:6524,Vít Rakušan,https://www.psp.cz/eknih/cdrom/2025ps/eknih/2025ps/poslanci/i6524.jpg,Starostove a nezavisli,Starostové a nezávislí,Středočeský,0.604027,60.4,180,298
psp:person:7039,Vítězslav Schrek,https://www.psp.cz/eknih/cdrom/2025ps/eknih/2025ps/poslanci/i7039.jpg,Spolu,ODS,Vysočina,0.699739,70.0,268,383
psp:person:6254,Věra Adámková,https://www.psp.cz/eknih/cdrom/2025ps/eknih/2025ps/poslanci/i6254.jpg,ANO2011,ANO 2011,Hlavní město Praha,0.994832,99.5,385,387
psp:person:6214,Věra Kovářová,https://www.psp.cz/eknih/cdrom/2025ps/eknih/2025ps/poslanci/i6214.jpg,Starostove a nezavisli,Starostové a nezávislí,Středočeský,0.592068,59.2,209,353
psp:person:7008,Zdena Kašparová,https://www.psp.cz/eknih/cdrom/2025ps/eknih/2025ps/poslanci/i7008.jpg,Starostove a nezavisli,Starostové a nezávislí,Olomoucký,0.582386,58.2,205,352
psp:person:6804,Zdenka Němečková Crkvenjaš,https://www.psp.cz/eknih/cdrom/2025ps/eknih/2025ps/poslanci/i6804.jpg,Spolu,ODS,Moravskoslezský,0.70614,70.6,161,228
psp:person:6552,Zdeněk Hřib,https://www.psp.cz/eknih/cdrom/2025ps/eknih/2025ps/poslanci/i6552.jpg,Česká pirátská strana,Piráti,Hlavní město Praha,0.54955,55.0,183,333
psp:person:6992,Zdeňka Blišťanová,https://www.psp.cz/eknih/cdrom/2025ps/eknih/2025ps/poslanci/i6992.jpg,Spolu,TOP 09,Olomoucký,0.680124,68.0,219,322
psp:person:6467,Zuzana Majerová,https://www.psp.cz/eknih/cdrom/2025ps/eknih/2025ps/poslanci/i6467.jpg,Svoboda a prima demokracie - Tomio Okamura,Svoboda a přímá demokracie,Zlínský,0.996124,99.6,257,258
psp:person:7040,Zuzana Mrázová,https://www.psp.cz/eknih/cdrom/2025ps/eknih/2025ps/poslanci/i7040.jpg,ANO2011,ANO 2011,Ústecký,1.0,100.0,374,374
psp:person:6474,Zuzana Ožanová,https://www.psp.cz/eknih/cdrom/2025ps/eknih/2025ps/poslanci/i6474.jpg,ANO2011,ANO 2011,Moravskoslezský,1.0,100.0,371,371
psp:person:7043,Štěpán Slovák,https://www.psp.cz/eknih/cdrom/2025ps/eknih/2025ps/poslanci/i7043.jpg,Spolu,ODS,Zlínský,0.815261,81.5,203,249
psp:person:7020,Šárka Kučerová,https://www.psp.cz/eknih/cdrom/2025ps/eknih/2025ps/poslanci/i7020.jpg,Česká pirátská strana,Piráti,Olomoucký,,,0,0
